<?xml version="1.0" encoding="UTF-8"?>
<project-private xmlns="http://www.netbeans.org/ns/project-private/1">
    <editor-bookmarks xmlns="http://www.netbeans.org/ns/editor-bookmarks/2" lastBookmarkId="0"/>
    <open-files xmlns="http://www.netbeans.org/ns/projectui-open-files/2">
        <group>
            <file>file:/C:/Users/Nathan/Documents/NetBeansProjects/COP2210_Lab4/src/hardware/Memory.java</file>
            <file>file:/C:/Users/Nathan/Documents/NetBeansProjects/COP2210_Lab4/src/central/Computer.java</file>
            <file>file:/C:/Users/Nathan/Documents/NetBeansProjects/COP2210_Lab4/src/central/App.java</file>
            <file>file:/C:/Users/Nathan/Documents/NetBeansProjects/COP2210_Lab4/src/hardware/VideoCard.java</file>
            <file>file:/C:/Users/Nathan/Documents/NetBeansProjects/COP2210_Lab4/src/hardware/CPU.java</file>
            <file>file:/C:/Users/Nathan/Documents/NetBeansProjects/COP2210_Lab4/src/hardware/Harddrive.java</file>
        </group>
    </open-files>
</project-private>
